--------------------------------------------------------
--  파일이 생성됨 - 월요일-10월-10-2022
--------------------------------------------------------
--------------------------------------------------------
--  DDL for Sequence BOARDQNA_SEQ
--------------------------------------------------------

CREATE SEQUENCE  "HYPER"."BOARDQNA_SEQ"  MINVALUE 1 MAXVALUE 9999999999999999999999999999 INCREMENT BY 1 START WITH 241 CACHE 20 NOORDER  NOCYCLE ;
--------------------------------------------------------
--  DDL for Sequence BOARD_SEQ
--------------------------------------------------------

CREATE SEQUENCE  "HYPER"."BOARD_SEQ"  MINVALUE 1 MAXVALUE 9999999999999999999999999999 INCREMENT BY 1 START WITH 221 CACHE 20 NOORDER  NOCYCLE ;
--------------------------------------------------------
--  DDL for Sequence CART_ID_SEQ
--------------------------------------------------------

CREATE SEQUENCE  "HYPER"."CART_ID_SEQ"  MINVALUE 1 MAXVALUE 9999999999999999999999999999 INCREMENT BY 1 START WITH 421 CACHE 20 NOORDER  NOCYCLE ;
--------------------------------------------------------
--  DDL for Sequence ID_SEQ
--------------------------------------------------------

CREATE SEQUENCE  "HYPER"."ID_SEQ"  MINVALUE 1 MAXVALUE 9999999999999999999999999999 INCREMENT BY 1 START WITH 341 CACHE 20 NOORDER  NOCYCLE ;
--------------------------------------------------------
--  DDL for Sequence PAYMENT_SEQ
--------------------------------------------------------

CREATE SEQUENCE  "HYPER"."PAYMENT_SEQ"  MINVALUE 1 MAXVALUE 9999999999 INCREMENT BY 1 START WITH 241 CACHE 20 NOORDER  NOCYCLE ;
--------------------------------------------------------
--  DDL for Table BOARD
--------------------------------------------------------

CREATE TABLE "HYPER"."BOARD"
(	"BNO" NUMBER,
     "TITLE" VARCHAR2(200 BYTE),
     "CONTENT" CLOB,
     "WRITER" VARCHAR2(30 BYTE),
     "REGDATE" DATE DEFAULT sysdate,
     "VIEWCNT" NUMBER DEFAULT 0,
     "SHOW" CHAR(1 BYTE) DEFAULT 'Y'
   ) SEGMENT CREATION IMMEDIATE
  PCTFREE 10 PCTUSED 40 INITRANS 1 MAXTRANS 255 NOCOMPRESS LOGGING
  STORAGE(INITIAL 65536 NEXT 1048576 MINEXTENTS 1 MAXEXTENTS 2147483645
  PCTINCREASE 0 FREELISTS 1 FREELIST GROUPS 1 BUFFER_POOL DEFAULT FLASH_CACHE DEFAULT CELL_FLASH_CACHE DEFAULT)
  TABLESPACE "USERS"
 LOB ("CONTENT") STORE AS BASICFILE (
  TABLESPACE "USERS" ENABLE STORAGE IN ROW CHUNK 8192 RETENTION
  NOCACHE LOGGING
  STORAGE(INITIAL 65536 NEXT 1048576 MINEXTENTS 1 MAXEXTENTS 2147483645
  PCTINCREASE 0 FREELISTS 1 FREELIST GROUPS 1 BUFFER_POOL DEFAULT FLASH_CACHE DEFAULT CELL_FLASH_CACHE DEFAULT)) ;

COMMENT ON COLUMN "HYPER"."BOARD"."BNO" IS '글번호';
   COMMENT ON COLUMN "HYPER"."BOARD"."TITLE" IS '글제목';
   COMMENT ON COLUMN "HYPER"."BOARD"."CONTENT" IS '글내용';
   COMMENT ON COLUMN "HYPER"."BOARD"."WRITER" IS '작성자ID';
   COMMENT ON COLUMN "HYPER"."BOARD"."REGDATE" IS '작성날짜';
   COMMENT ON COLUMN "HYPER"."BOARD"."VIEWCNT" IS '조회수';
   COMMENT ON COLUMN "HYPER"."BOARD"."SHOW" IS '노출여부';
--------------------------------------------------------
--  DDL for Table BOARDQNA
--------------------------------------------------------

CREATE TABLE "HYPER"."BOARDQNA"
(	"BNO" NUMBER,
     "TITLE" VARCHAR2(200 BYTE),
     "CONTENT" CLOB,
     "ANSWER" CLOB,
     "WRITER" VARCHAR2(30 BYTE),
     "REGDATE" DATE DEFAULT sysdate,
     "VIEWCNT" NUMBER DEFAULT 0,
     "SHOW" CHAR(1 BYTE) DEFAULT 'Y'
   ) SEGMENT CREATION IMMEDIATE
  PCTFREE 10 PCTUSED 40 INITRANS 1 MAXTRANS 255 NOCOMPRESS LOGGING
  STORAGE(INITIAL 65536 NEXT 1048576 MINEXTENTS 1 MAXEXTENTS 2147483645
  PCTINCREASE 0 FREELISTS 1 FREELIST GROUPS 1 BUFFER_POOL DEFAULT FLASH_CACHE DEFAULT CELL_FLASH_CACHE DEFAULT)
  TABLESPACE "USERS"
 LOB ("CONTENT") STORE AS BASICFILE (
  TABLESPACE "USERS" ENABLE STORAGE IN ROW CHUNK 8192 RETENTION
  NOCACHE LOGGING
  STORAGE(INITIAL 65536 NEXT 1048576 MINEXTENTS 1 MAXEXTENTS 2147483645
  PCTINCREASE 0 FREELISTS 1 FREELIST GROUPS 1 BUFFER_POOL DEFAULT FLASH_CACHE DEFAULT CELL_FLASH_CACHE DEFAULT))
 LOB ("ANSWER") STORE AS BASICFILE (
  TABLESPACE "USERS" ENABLE STORAGE IN ROW CHUNK 8192 RETENTION
  NOCACHE LOGGING
  STORAGE(INITIAL 65536 NEXT 1048576 MINEXTENTS 1 MAXEXTENTS 2147483645
  PCTINCREASE 0 FREELISTS 1 FREELIST GROUPS 1 BUFFER_POOL DEFAULT FLASH_CACHE DEFAULT CELL_FLASH_CACHE DEFAULT)) ;

COMMENT ON COLUMN "HYPER"."BOARDQNA"."BNO" IS '글번호';
   COMMENT ON COLUMN "HYPER"."BOARDQNA"."TITLE" IS '글제목';
   COMMENT ON COLUMN "HYPER"."BOARDQNA"."CONTENT" IS '글내용';
   COMMENT ON COLUMN "HYPER"."BOARDQNA"."ANSWER" IS '답변';
   COMMENT ON COLUMN "HYPER"."BOARDQNA"."WRITER" IS '작성자ID';
   COMMENT ON COLUMN "HYPER"."BOARDQNA"."REGDATE" IS '작성날짜';
   COMMENT ON COLUMN "HYPER"."BOARDQNA"."VIEWCNT" IS '조회수';
   COMMENT ON COLUMN "HYPER"."BOARDQNA"."SHOW" IS '노출여부';
--------------------------------------------------------
--  DDL for Table MEMBER
--------------------------------------------------------

CREATE TABLE "HYPER"."MEMBER"
(	"MEMBER_ID" VARCHAR2(20 BYTE),
     "MEMBER_NAME" VARCHAR2(20 BYTE),
     "MEMBER_PWD" VARCHAR2(512 BYTE),
     "MEMBER_YEAR" DATE DEFAULT NULL,
     "MEMBER_DATE" DATE DEFAULT sysdate,
     "MEMBER_EMAIL" VARCHAR2(40 BYTE),
     "MEMBER_PHONE" VARCHAR2(40 BYTE),
     "MEMBER_SEQ" NUMBER,
     "MEMBER_ZIPCODE" VARCHAR2(20 BYTE),
     "MEMBER_FADDR" VARCHAR2(350 BYTE),
     "MEMBER_LADDR" VARCHAR2(350 BYTE)
) SEGMENT CREATION IMMEDIATE
  PCTFREE 10 PCTUSED 40 INITRANS 1 MAXTRANS 255 NOCOMPRESS LOGGING
  STORAGE(INITIAL 65536 NEXT 1048576 MINEXTENTS 1 MAXEXTENTS 2147483645
  PCTINCREASE 0 FREELISTS 1 FREELIST GROUPS 1 BUFFER_POOL DEFAULT FLASH_CACHE DEFAULT CELL_FLASH_CACHE DEFAULT)
  TABLESPACE "USERS" ;

COMMENT ON COLUMN "HYPER"."MEMBER"."MEMBER_ID" IS '아이디';
   COMMENT ON COLUMN "HYPER"."MEMBER"."MEMBER_NAME" IS '이름';
   COMMENT ON COLUMN "HYPER"."MEMBER"."MEMBER_PWD" IS '비밀번호';
   COMMENT ON COLUMN "HYPER"."MEMBER"."MEMBER_YEAR" IS '생년월일';
   COMMENT ON COLUMN "HYPER"."MEMBER"."MEMBER_DATE" IS '회원가입일';
   COMMENT ON COLUMN "HYPER"."MEMBER"."MEMBER_EMAIL" IS '메일';
   COMMENT ON COLUMN "HYPER"."MEMBER"."MEMBER_PHONE" IS '연락처';
   COMMENT ON COLUMN "HYPER"."MEMBER"."MEMBER_SEQ" IS '회원고유코드';
   COMMENT ON COLUMN "HYPER"."MEMBER"."MEMBER_ZIPCODE" IS '우편번호';
   COMMENT ON COLUMN "HYPER"."MEMBER"."MEMBER_FADDR" IS '주소';
   COMMENT ON COLUMN "HYPER"."MEMBER"."MEMBER_LADDR" IS '상세주소';
--------------------------------------------------------
--  DDL for Table PRODUCT
--------------------------------------------------------

CREATE TABLE "HYPER"."PRODUCT"
(	"CATE_ID" VARCHAR2(20 BYTE),
     "CATE_NAME" VARCHAR2(50 BYTE)
) SEGMENT CREATION IMMEDIATE
  PCTFREE 10 PCTUSED 40 INITRANS 1 MAXTRANS 255 NOCOMPRESS LOGGING
  STORAGE(INITIAL 65536 NEXT 1048576 MINEXTENTS 1 MAXEXTENTS 2147483645
  PCTINCREASE 0 FREELISTS 1 FREELIST GROUPS 1 BUFFER_POOL DEFAULT FLASH_CACHE DEFAULT CELL_FLASH_CACHE DEFAULT)
  TABLESPACE "USERS" ;

COMMENT ON COLUMN "HYPER"."PRODUCT"."CATE_ID" IS '카테고리번호';
   COMMENT ON COLUMN "HYPER"."PRODUCT"."CATE_NAME" IS '카테고리이름';
--------------------------------------------------------
--  DDL for Table PRODUCT_CART
--------------------------------------------------------

CREATE TABLE "HYPER"."PRODUCT_CART"
(	"MEMBER_ID" VARCHAR2(20 BYTE),
     "PRD_ID" VARCHAR2(20 BYTE),
     "BUY_QUANTITY" NUMBER DEFAULT 1,
     "CART_ID" NUMBER,
     "PRD_OPT" VARCHAR2(50 BYTE)
) SEGMENT CREATION IMMEDIATE
  PCTFREE 10 PCTUSED 40 INITRANS 1 MAXTRANS 255 NOCOMPRESS LOGGING
  STORAGE(INITIAL 65536 NEXT 1048576 MINEXTENTS 1 MAXEXTENTS 2147483645
  PCTINCREASE 0 FREELISTS 1 FREELIST GROUPS 1 BUFFER_POOL DEFAULT FLASH_CACHE DEFAULT CELL_FLASH_CACHE DEFAULT)
  TABLESPACE "USERS" ;

COMMENT ON COLUMN "HYPER"."PRODUCT_CART"."MEMBER_ID" IS '회원아이디_FK';
   COMMENT ON COLUMN "HYPER"."PRODUCT_CART"."PRD_ID" IS '상품정보_FK';
   COMMENT ON COLUMN "HYPER"."PRODUCT_CART"."BUY_QUANTITY" IS '구매수량';
   COMMENT ON COLUMN "HYPER"."PRODUCT_CART"."CART_ID" IS '장바구니번호';
   COMMENT ON COLUMN "HYPER"."PRODUCT_CART"."PRD_OPT" IS '옵션';
--------------------------------------------------------
--  DDL for Table PRODUCT_INFO
--------------------------------------------------------

CREATE TABLE "HYPER"."PRODUCT_INFO"
(	"CATE_ID" VARCHAR2(20 BYTE),
     "PRD_DATE" DATE DEFAULT sysdate,
     "PRD_NAME" VARCHAR2(50 BYTE),
     "PRD_ID" VARCHAR2(20 BYTE),
     "PRD_PRICE" NUMBER DEFAULT 0,
     "PRD_IMG" VARCHAR2(200 BYTE),
     "PRD_DELIVERY" NUMBER DEFAULT 0,
     "PRD_STOCK" NUMBER DEFAULT 0,
     "PRD_OPTION" VARCHAR2(100 BYTE),
     "PRD_DISCOUNT" NUMBER,
     "PRD_EXPLAIN" CLOB
) SEGMENT CREATION IMMEDIATE
  PCTFREE 10 PCTUSED 40 INITRANS 1 MAXTRANS 255 NOCOMPRESS LOGGING
  STORAGE(INITIAL 65536 NEXT 1048576 MINEXTENTS 1 MAXEXTENTS 2147483645
  PCTINCREASE 0 FREELISTS 1 FREELIST GROUPS 1 BUFFER_POOL DEFAULT FLASH_CACHE DEFAULT CELL_FLASH_CACHE DEFAULT)
  TABLESPACE "USERS"
 LOB ("PRD_EXPLAIN") STORE AS BASICFILE (
  TABLESPACE "USERS" ENABLE STORAGE IN ROW CHUNK 8192 RETENTION
  NOCACHE LOGGING
  STORAGE(INITIAL 65536 NEXT 1048576 MINEXTENTS 1 MAXEXTENTS 2147483645
  PCTINCREASE 0 FREELISTS 1 FREELIST GROUPS 1 BUFFER_POOL DEFAULT FLASH_CACHE DEFAULT CELL_FLASH_CACHE DEFAULT)) ;

COMMENT ON COLUMN "HYPER"."PRODUCT_INFO"."CATE_ID" IS '카테고리번호_
FK';
   COMMENT ON COLUMN "HYPER"."PRODUCT_INFO"."PRD_DATE" IS '등록일';
   COMMENT ON COLUMN "HYPER"."PRODUCT_INFO"."PRD_NAME" IS '상품이름';
   COMMENT ON COLUMN "HYPER"."PRODUCT_INFO"."PRD_ID" IS '상품번호';
   COMMENT ON COLUMN "HYPER"."PRODUCT_INFO"."PRD_PRICE" IS '상품가격';
   COMMENT ON COLUMN "HYPER"."PRODUCT_INFO"."PRD_IMG" IS '상품사진';
   COMMENT ON COLUMN "HYPER"."PRODUCT_INFO"."PRD_DELIVERY" IS '배송비';
   COMMENT ON COLUMN "HYPER"."PRODUCT_INFO"."PRD_STOCK" IS '재고';
   COMMENT ON COLUMN "HYPER"."PRODUCT_INFO"."PRD_OPTION" IS '상품옵션';
   COMMENT ON COLUMN "HYPER"."PRODUCT_INFO"."PRD_DISCOUNT" IS '할인금액';
   COMMENT ON COLUMN "HYPER"."PRODUCT_INFO"."PRD_EXPLAIN" IS '상품설명';
--------------------------------------------------------
--  DDL for Table PRODUCT_PAYMENT
--------------------------------------------------------

CREATE TABLE "HYPER"."PRODUCT_PAYMENT"
(	"PAYMENT_ID" NUMBER,
     "MEMBER_ID" VARCHAR2(20 BYTE),
     "PRD_ID" VARCHAR2(20 BYTE),
     "BUY_QUANTITY" NUMBER,
     "MEMBER_ZIPCODE" VARCHAR2(20 BYTE),
     "MEMBER_FADDR" VARCHAR2(350 BYTE),
     "MEMBER_LADDR" VARCHAR2(350 BYTE),
     "MEMBER_PHONE" VARCHAR2(20 BYTE),
     "CREDIT_NUMBER" VARCHAR2(20 BYTE),
     "PAYMENT_DATE" DATE DEFAULT SYSDATE,
     "PRD_OPT" VARCHAR2(20 BYTE),
     "DELIVERY" VARCHAR2(20 BYTE)
) SEGMENT CREATION IMMEDIATE
  PCTFREE 10 PCTUSED 40 INITRANS 1 MAXTRANS 255 NOCOMPRESS LOGGING
  STORAGE(INITIAL 65536 NEXT 1048576 MINEXTENTS 1 MAXEXTENTS 2147483645
  PCTINCREASE 0 FREELISTS 1 FREELIST GROUPS 1 BUFFER_POOL DEFAULT FLASH_CACHE DEFAULT CELL_FLASH_CACHE DEFAULT)
  TABLESPACE "USERS" ;

COMMENT ON COLUMN "HYPER"."PRODUCT_PAYMENT"."PAYMENT_ID" IS '결제번호';
   COMMENT ON COLUMN "HYPER"."PRODUCT_PAYMENT"."MEMBER_ID" IS '회원정보';
   COMMENT ON COLUMN "HYPER"."PRODUCT_PAYMENT"."PRD_ID" IS '상품정보';
   COMMENT ON COLUMN "HYPER"."PRODUCT_PAYMENT"."BUY_QUANTITY" IS '상품갯수';
   COMMENT ON COLUMN "HYPER"."PRODUCT_PAYMENT"."MEMBER_ZIPCODE" IS '배송 우편번호';
   COMMENT ON COLUMN "HYPER"."PRODUCT_PAYMENT"."MEMBER_FADDR" IS '배송 우편주소
';
   COMMENT ON COLUMN "HYPER"."PRODUCT_PAYMENT"."MEMBER_LADDR" IS '배송 상세주소';
   COMMENT ON COLUMN "HYPER"."PRODUCT_PAYMENT"."MEMBER_PHONE" IS '회원연락처';
   COMMENT ON COLUMN "HYPER"."PRODUCT_PAYMENT"."CREDIT_NUMBER" IS '신용카드';
   COMMENT ON COLUMN "HYPER"."PRODUCT_PAYMENT"."PAYMENT_DATE" IS '구매일';
   COMMENT ON COLUMN "HYPER"."PRODUCT_PAYMENT"."PRD_OPT" IS '상품옵션';
   COMMENT ON COLUMN "HYPER"."PRODUCT_PAYMENT"."DELIVERY" IS '배달현황';
REM INSERTING into HYPER.BOARD
SET DEFINE OFF;
Insert into HYPER.BOARD (BNO,TITLE,WRITER,REGDATE,VIEWCNT,SHOW) values (161,'test123','Admin',to_date('22/09/26','RR/MM/DD'),1,'N');
Insert into HYPER.BOARD (BNO,TITLE,WRITER,REGDATE,VIEWCNT,SHOW) values (181,'하이퍼에서 알려드립니다.','Admin',to_date('22/09/27','RR/MM/DD'),0,'Y');
Insert into HYPER.BOARD (BNO,TITLE,WRITER,REGDATE,VIEWCNT,SHOW) values (207,'fdsafasdfda','Admin',to_date('22/09/30','RR/MM/DD'),0,'Y');
Insert into HYPER.BOARD (BNO,TITLE,WRITER,REGDATE,VIEWCNT,SHOW) values (208,'10-06테스트 공지','Admin',to_date('22/10/06','RR/MM/DD'),1,'Y');
Insert into HYPER.BOARD (BNO,TITLE,WRITER,REGDATE,VIEWCNT,SHOW) values (201,'하이퍼에서 두번째로 알려드립니다(수정)','Admin',to_date('22/09/28','RR/MM/DD'),4,'Y');
Insert into HYPER.BOARD (BNO,TITLE,WRITER,REGDATE,VIEWCNT,SHOW) values (202,'삭제할 공지','Admin',to_date('22/09/28','RR/MM/DD'),1,'N');
Insert into HYPER.BOARD (BNO,TITLE,WRITER,REGDATE,VIEWCNT,SHOW) values (203,'하이퍼 테스트 수정','Admin',to_date('22/09/29','RR/MM/DD'),1,'N');
Insert into HYPER.BOARD (BNO,TITLE,WRITER,REGDATE,VIEWCNT,SHOW) values (204,'fdas','Admin',to_date('22/09/29','RR/MM/DD'),1,'Y');
Insert into HYPER.BOARD (BNO,TITLE,WRITER,REGDATE,VIEWCNT,SHOW) values (205,'205test','Admin',to_date('22/09/30','RR/MM/DD'),1,'Y');
Insert into HYPER.BOARD (BNO,TITLE,WRITER,REGDATE,VIEWCNT,SHOW) values (206,'공지사항~','Admin',to_date('22/09/30','RR/MM/DD'),1,'Y');
REM INSERTING into HYPER.BOARDQNA
SET DEFINE OFF;
Insert into HYPER.BOARDQNA (BNO,TITLE,WRITER,REGDATE,VIEWCNT,SHOW) values (181,'test2','test2',to_date('22/09/27','RR/MM/DD'),2,'Y');
Insert into HYPER.BOARDQNA (BNO,TITLE,WRITER,REGDATE,VIEWCNT,SHOW) values (182,'ㅇㅇㅇ','test2',to_date('22/09/27','RR/MM/DD'),3,'N');
Insert into HYPER.BOARDQNA (BNO,TITLE,WRITER,REGDATE,VIEWCNT,SHOW) values (183,'111','test2',to_date('22/09/27','RR/MM/DD'),4,'Y');
Insert into HYPER.BOARDQNA (BNO,TITLE,WRITER,REGDATE,VIEWCNT,SHOW) values (201,'문의있어요','test2',to_date('22/09/27','RR/MM/DD'),4,'N');
Insert into HYPER.BOARDQNA (BNO,TITLE,WRITER,REGDATE,VIEWCNT,SHOW) values (224,'10-06테스트 qna','test3',to_date('22/10/06','RR/MM/DD'),1,'N');
Insert into HYPER.BOARDQNA (BNO,TITLE,WRITER,REGDATE,VIEWCNT,SHOW) values (225,'test','test1',to_date('22/10/07','RR/MM/DD'),2,'Y');
Insert into HYPER.BOARDQNA (BNO,TITLE,WRITER,REGDATE,VIEWCNT,SHOW) values (221,'저기요 이게 옷인가요 걸레인가요?','test2',to_date('22/09/28','RR/MM/DD'),14,'Y');
Insert into HYPER.BOARDQNA (BNO,TITLE,WRITER,REGDATE,VIEWCNT,SHOW) values (222,'옷이 찢어져서 왔어요','test2',to_date('22/09/30','RR/MM/DD'),5,'Y');
REM INSERTING into HYPER.MEMBER
SET DEFINE OFF;
Insert into HYPER.MEMBER (MEMBER_ID,MEMBER_NAME,MEMBER_PWD,MEMBER_YEAR,MEMBER_DATE,MEMBER_EMAIL,MEMBER_PHONE,MEMBER_SEQ,MEMBER_ZIPCODE,MEMBER_FADDR,MEMBER_LADDR) values ('hyper','하이퍼','48c8947f69c054a5caa934674ce8881d02bb18fb59d5a63eeaddff735b0e9801e87294783281ae49fc8287a0fd86779b27d7972d3e84f0fa0d826d7cb67dfefc',to_date('94/04/02','RR/MM/DD'),to_date('22/10/10','RR/MM/DD'),'hjs0841@gmail.com','01075212583',321,'17855','경기 평택시 비전9길 36-1(비전동, Aa home)','aaaaa');
Insert into HYPER.MEMBER (MEMBER_ID,MEMBER_NAME,MEMBER_PWD,MEMBER_YEAR,MEMBER_DATE,MEMBER_EMAIL,MEMBER_PHONE,MEMBER_SEQ,MEMBER_ZIPCODE,MEMBER_FADDR,MEMBER_LADDR) values ('test4','사중수','0b24b32103be6f7f18a48c5baeb9c1d68442dc36b594e9094320e428fd4c5c9e1a13010f141be96dd7e0bafb67bb0952e40a77008e0431ee86dd44fa4a4757c4',to_date('94/08/05','RR/MM/DD'),to_date('22/10/07','RR/MM/DD'),'ace0841@naver.com','01055554444',307,'01151','서울 강북구 오현로 117(번동, 오동골프클럽)','cc');
Insert into HYPER.MEMBER (MEMBER_ID,MEMBER_NAME,MEMBER_PWD,MEMBER_YEAR,MEMBER_DATE,MEMBER_EMAIL,MEMBER_PHONE,MEMBER_SEQ,MEMBER_ZIPCODE,MEMBER_FADDR,MEMBER_LADDR) values ('Admin','관리자','48c8947f69c054a5caa934674ce8881d02bb18fb59d5a63eeaddff735b0e9801e87294783281ae49fc8287a0fd86779b27d7972d3e84f0fa0d826d7cb67dfefc',to_date('94/04/02','RR/MM/DD'),to_date('22/09/24','RR/MM/DD'),'hjs0841@gmail.com','01012345678',221,'03015','서울 종로구 세검정로7가길 16(신영동, AA 하우스)','aa');
Insert into HYPER.MEMBER (MEMBER_ID,MEMBER_NAME,MEMBER_PWD,MEMBER_YEAR,MEMBER_DATE,MEMBER_EMAIL,MEMBER_PHONE,MEMBER_SEQ,MEMBER_ZIPCODE,MEMBER_FADDR,MEMBER_LADDR) values ('test6','육중수','0b24b32103be6f7f18a48c5baeb9c1d68442dc36b594e9094320e428fd4c5c9e1a13010f141be96dd7e0bafb67bb0952e40a77008e0431ee86dd44fa4a4757c4',to_date('94/09/02','RR/MM/DD'),to_date('22/10/07','RR/MM/DD'),'a@naver.com','01099778844',309,'03015','서울 종로구 세검정로7가길 16(신영동, AA 하우스)','aa');
Insert into HYPER.MEMBER (MEMBER_ID,MEMBER_NAME,MEMBER_PWD,MEMBER_YEAR,MEMBER_DATE,MEMBER_EMAIL,MEMBER_PHONE,MEMBER_SEQ,MEMBER_ZIPCODE,MEMBER_FADDR,MEMBER_LADDR) values ('test3','한중수','0b24b32103be6f7f18a48c5baeb9c1d68442dc36b594e9094320e428fd4c5c9e1a13010f141be96dd7e0bafb67bb0952e40a77008e0431ee86dd44fa4a4757c4',to_date('94/04/02','RR/MM/DD'),to_date('22/09/27','RR/MM/DD'),'hjs0841@gmail.com','01075212583',281,'03015','서울 종로구 신영동 179-3','aa');
Insert into HYPER.MEMBER (MEMBER_ID,MEMBER_NAME,MEMBER_PWD,MEMBER_YEAR,MEMBER_DATE,MEMBER_EMAIL,MEMBER_PHONE,MEMBER_SEQ,MEMBER_ZIPCODE,MEMBER_FADDR,MEMBER_LADDR) values ('test5','오중수','0b24b32103be6f7f18a48c5baeb9c1d68442dc36b594e9094320e428fd4c5c9e1a13010f141be96dd7e0bafb67bb0952e40a77008e0431ee86dd44fa4a4757c4',to_date('94/04/09','RR/MM/DD'),to_date('22/10/07','RR/MM/DD'),'eee@naver.com','01054879578',308,'02230','서울 중랑구 겸재로 68(면목동, 인문학도서당)','a');
Insert into HYPER.MEMBER (MEMBER_ID,MEMBER_NAME,MEMBER_PWD,MEMBER_YEAR,MEMBER_DATE,MEMBER_EMAIL,MEMBER_PHONE,MEMBER_SEQ,MEMBER_ZIPCODE,MEMBER_FADDR,MEMBER_LADDR) values ('test7','칠중수','0b24b32103be6f7f18a48c5baeb9c1d68442dc36b594e9094320e428fd4c5c9e1a13010f141be96dd7e0bafb67bb0952e40a77008e0431ee86dd44fa4a4757c4',to_date('94/05/09','RR/MM/DD'),to_date('22/10/07','RR/MM/DD'),'a@naver.com','01011112222',310,'03015','서울 종로구 세검정로7가길 16(신영동, AA 하우스)','aa');
Insert into HYPER.MEMBER (MEMBER_ID,MEMBER_NAME,MEMBER_PWD,MEMBER_YEAR,MEMBER_DATE,MEMBER_EMAIL,MEMBER_PHONE,MEMBER_SEQ,MEMBER_ZIPCODE,MEMBER_FADDR,MEMBER_LADDR) values ('test1','일중수','0b24b32103be6f7f18a48c5baeb9c1d68442dc36b594e9094320e428fd4c5c9e1a13010f141be96dd7e0bafb67bb0952e40a77008e0431ee86dd44fa4a4757c4',to_date('94/05/09','RR/MM/DD'),to_date('22/10/06','RR/MM/DD'),'ace0841@naver.com','01011112222',305,'46967','부산 사상구 광장로93번길 17(괘법동, BB모텔)','bb');
Insert into HYPER.MEMBER (MEMBER_ID,MEMBER_NAME,MEMBER_PWD,MEMBER_YEAR,MEMBER_DATE,MEMBER_EMAIL,MEMBER_PHONE,MEMBER_SEQ,MEMBER_ZIPCODE,MEMBER_FADDR,MEMBER_LADDR) values ('test2','이중수','4c62a03d63a0490266cfadcf753344d5752623737242621af20132ec78877b369bf58997ef76a818a4e4a7e5c0f755c56b6308893496e629042d71af5f0a1cd5',to_date('98/12/05','RR/MM/DD'),to_date('22/10/06','RR/MM/DD'),'hjs0841@gmail.com','01046887358',306,'01151','서울 강북구 오현로 117(번동, 오동골프클럽)','cc');
REM INSERTING into HYPER.PRODUCT
SET DEFINE OFF;
Insert into HYPER.PRODUCT (CATE_ID,CATE_NAME) values ('LOW20220020','LOW_ID');
Insert into HYPER.PRODUCT (CATE_ID,CATE_NAME) values ('CAP20220030','CAP_ID');
Insert into HYPER.PRODUCT (CATE_ID,CATE_NAME) values ('SHO20220040','SHO_ID');
Insert into HYPER.PRODUCT (CATE_ID,CATE_NAME) values ('BAG20220050','BAG_ID');
Insert into HYPER.PRODUCT (CATE_ID,CATE_NAME) values ('ECO20220060','ECO_ID');
Insert into HYPER.PRODUCT (CATE_ID,CATE_NAME) values ('LIT20220070','LIT_ID');
Insert into HYPER.PRODUCT (CATE_ID,CATE_NAME) values ('TOP20220010','TOP_ID');
REM INSERTING into HYPER.PRODUCT_CART
SET DEFINE OFF;
REM INSERTING into HYPER.PRODUCT_INFO
SET DEFINE OFF;
Insert into HYPER.PRODUCT_INFO (CATE_ID,PRD_DATE,PRD_NAME,PRD_ID,PRD_PRICE,PRD_IMG,PRD_DELIVERY,PRD_STOCK,PRD_OPTION,PRD_DISCOUNT) values ('LOW20220020',to_date('22/10/10','RR/MM/DD'),'일자청바지','LOW005',20000,'resources/img/product/LOW20220020/today1.jpeg',2000,10,'S,M,L,XL',2000);
Insert into HYPER.PRODUCT_INFO (CATE_ID,PRD_DATE,PRD_NAME,PRD_ID,PRD_PRICE,PRD_IMG,PRD_DELIVERY,PRD_STOCK,PRD_OPTION,PRD_DISCOUNT) values ('LOW20220020',to_date('22/09/30','RR/MM/DD'),'바지','LOW001',30000,'resources/img/product/LOW20220020/BOT001.png',2000,20,'X',2000);
Insert into HYPER.PRODUCT_INFO (CATE_ID,PRD_DATE,PRD_NAME,PRD_ID,PRD_PRICE,PRD_IMG,PRD_DELIVERY,PRD_STOCK,PRD_OPTION,PRD_DISCOUNT) values ('TOP20220010',to_date('22/09/30','RR/MM/DD'),'아미검은색가디건','TOP010',22000,'resources/img/product/TOP20220010/아미.png',2000,20,'X',2000);
Insert into HYPER.PRODUCT_INFO (CATE_ID,PRD_DATE,PRD_NAME,PRD_ID,PRD_PRICE,PRD_IMG,PRD_DELIVERY,PRD_STOCK,PRD_OPTION,PRD_DISCOUNT) values ('TOP20220010',to_date('22/09/30','RR/MM/DD'),'회색후드티','TOP003',16000,'resources/img/product/TOP20220010/맨두맨.jpg',2000,20,'X',2000);
Insert into HYPER.PRODUCT_INFO (CATE_ID,PRD_DATE,PRD_NAME,PRD_ID,PRD_PRICE,PRD_IMG,PRD_DELIVERY,PRD_STOCK,PRD_OPTION,PRD_DISCOUNT) values ('TOP20220010',to_date('22/09/30','RR/MM/DD'),'아이에이흰색반팔티','TOP002',12000,'resources/img/product/TOP20220010/TOP002.png',2000,20,'X',2000);
Insert into HYPER.PRODUCT_INFO (CATE_ID,PRD_DATE,PRD_NAME,PRD_ID,PRD_PRICE,PRD_IMG,PRD_DELIVERY,PRD_STOCK,PRD_OPTION,PRD_DISCOUNT) values ('TOP20220010',to_date('22/09/30','RR/MM/DD'),'메종검은색긴팔티','TOP004',15000,'resources/img/product/TOP20220010/메종.png',2000,20,'X',2000);
Insert into HYPER.PRODUCT_INFO (CATE_ID,PRD_DATE,PRD_NAME,PRD_ID,PRD_PRICE,PRD_IMG,PRD_DELIVERY,PRD_STOCK,PRD_OPTION,PRD_DISCOUNT) values ('TOP20220010',to_date('22/09/30','RR/MM/DD'),'남색체크남방셔츠','TOP005',17000,'resources/img/product/TOP20220010/상의.png',2000,20,'X',2000);
Insert into HYPER.PRODUCT_INFO (CATE_ID,PRD_DATE,PRD_NAME,PRD_ID,PRD_PRICE,PRD_IMG,PRD_DELIVERY,PRD_STOCK,PRD_OPTION,PRD_DISCOUNT) values ('TOP20220010',to_date('22/09/30','RR/MM/DD'),'스톤검은색긴팔티','TOP006',15000,'resources/img/product/TOP20220010/스톤.png',2000,20,'X',2000);
Insert into HYPER.PRODUCT_INFO (CATE_ID,PRD_DATE,PRD_NAME,PRD_ID,PRD_PRICE,PRD_IMG,PRD_DELIVERY,PRD_STOCK,PRD_OPTION,PRD_DISCOUNT) values ('TOP20220010',to_date('22/09/30','RR/MM/DD'),'스톤검은색자켓','TOP007',21000,'resources/img/product/TOP20220010/스톤자켓.png',2000,20,'X',2000);
Insert into HYPER.PRODUCT_INFO (CATE_ID,PRD_DATE,PRD_NAME,PRD_ID,PRD_PRICE,PRD_IMG,PRD_DELIVERY,PRD_STOCK,PRD_OPTION,PRD_DISCOUNT) values ('TOP20220010',to_date('22/09/30','RR/MM/DD'),'스투시후드티','TOP008',19000,'resources/img/product/TOP20220010/스투시.png',2000,20,'X',2000);
Insert into HYPER.PRODUCT_INFO (CATE_ID,PRD_DATE,PRD_NAME,PRD_ID,PRD_PRICE,PRD_IMG,PRD_DELIVERY,PRD_STOCK,PRD_OPTION,PRD_DISCOUNT) values ('TOP20220010',to_date('22/09/30','RR/MM/DD'),'스투시반팔티','TOP009',14000,'resources/img/product/TOP20220010/스투시반팔.png',2000,20,'X',2000);
Insert into HYPER.PRODUCT_INFO (CATE_ID,PRD_DATE,PRD_NAME,PRD_ID,PRD_PRICE,PRD_IMG,PRD_DELIVERY,PRD_STOCK,PRD_OPTION,PRD_DISCOUNT) values ('TOP20220010',to_date('22/09/30','RR/MM/DD'),'아미검은색셔츠','TOP011',24000,'resources/img/product/TOP20220010/아미셔츠.png',2000,20,'X',2000);
Insert into HYPER.PRODUCT_INFO (CATE_ID,PRD_DATE,PRD_NAME,PRD_ID,PRD_PRICE,PRD_IMG,PRD_DELIVERY,PRD_STOCK,PRD_OPTION,PRD_DISCOUNT) values ('TOP20220010',to_date('22/09/30','RR/MM/DD'),'아미검은색긴팔티','TOP012',18000,'resources/img/product/TOP20220010/아미티.png',2000,20,'X',2000);
Insert into HYPER.PRODUCT_INFO (CATE_ID,PRD_DATE,PRD_NAME,PRD_ID,PRD_PRICE,PRD_IMG,PRD_DELIVERY,PRD_STOCK,PRD_OPTION,PRD_DISCOUNT) values ('TOP20220010',to_date('22/09/30','RR/MM/DD'),'에센셜흰색긴팔티','TOP013',20000,'resources/img/product/TOP20220010/에센셜.png',2000,20,'X',2000);
Insert into HYPER.PRODUCT_INFO (CATE_ID,PRD_DATE,PRD_NAME,PRD_ID,PRD_PRICE,PRD_IMG,PRD_DELIVERY,PRD_STOCK,PRD_OPTION,PRD_DISCOUNT) values ('SHO20220040',to_date('22/09/30','RR/MM/DD'),'뉴발란스회색SN001','SHO001',36000,'resources/img/product/SHO20220040/SN001.png',2000,20,'X',2000);
Insert into HYPER.PRODUCT_INFO (CATE_ID,PRD_DATE,PRD_NAME,PRD_ID,PRD_PRICE,PRD_IMG,PRD_DELIVERY,PRD_STOCK,PRD_OPTION,PRD_DISCOUNT) values ('SHO20220040',to_date('22/09/30','RR/MM/DD'),'나이키SN002','SHO002',37000,'resources/img/product/SHO20220040/SN002.png',2000,20,'X',2000);
Insert into HYPER.PRODUCT_INFO (CATE_ID,PRD_DATE,PRD_NAME,PRD_ID,PRD_PRICE,PRD_IMG,PRD_DELIVERY,PRD_STOCK,PRD_OPTION,PRD_DISCOUNT) values ('SHO20220040',to_date('22/09/30','RR/MM/DD'),'나이키SN003','SHO003',38000,'resources/img/product/SHO20220040/SN003.png',2000,20,'X',2000);
Insert into HYPER.PRODUCT_INFO (CATE_ID,PRD_DATE,PRD_NAME,PRD_ID,PRD_PRICE,PRD_IMG,PRD_DELIVERY,PRD_STOCK,PRD_OPTION,PRD_DISCOUNT) values ('SHO20220040',to_date('22/09/30','RR/MM/DD'),'흰색운동화','SHO004',26000,'resources/img/product/SHO20220040/신발.png',2000,20,'X',2000);
Insert into HYPER.PRODUCT_INFO (CATE_ID,PRD_DATE,PRD_NAME,PRD_ID,PRD_PRICE,PRD_IMG,PRD_DELIVERY,PRD_STOCK,PRD_OPTION,PRD_DISCOUNT) values ('SHO20220040',to_date('22/09/30','RR/MM/DD'),'흰색에어포스AR002','SHO005',30000,'resources/img/product/SHO20220040/에어포스.png',2000,20,'X',2000);
Insert into HYPER.PRODUCT_INFO (CATE_ID,PRD_DATE,PRD_NAME,PRD_ID,PRD_PRICE,PRD_IMG,PRD_DELIVERY,PRD_STOCK,PRD_OPTION,PRD_DISCOUNT) values ('SHO20220040',to_date('22/09/30','RR/MM/DD'),'우포스조리UPO556','SHO006',20000,'resources/img/product/SHO20220040/우포스.png',2000,20,'X',2000);
Insert into HYPER.PRODUCT_INFO (CATE_ID,PRD_DATE,PRD_NAME,PRD_ID,PRD_PRICE,PRD_IMG,PRD_DELIVERY,PRD_STOCK,PRD_OPTION,PRD_DISCOUNT) values ('SHO20220040',to_date('22/09/30','RR/MM/DD'),'울프그레이G','SHO007',20000,'resources/img/product/SHO20220040/울프그레이.png',2000,20,'X',2000);
Insert into HYPER.PRODUCT_INFO (CATE_ID,PRD_DATE,PRD_NAME,PRD_ID,PRD_PRICE,PRD_IMG,PRD_DELIVERY,PRD_STOCK,PRD_OPTION,PRD_DISCOUNT) values ('SHO20220040',to_date('22/09/30','RR/MM/DD'),'이지부스트EB350','SHO008',30000,'resources/img/product/SHO20220040/이지부스트.png',2000,20,'X',2000);
Insert into HYPER.PRODUCT_INFO (CATE_ID,PRD_DATE,PRD_NAME,PRD_ID,PRD_PRICE,PRD_IMG,PRD_DELIVERY,PRD_STOCK,PRD_OPTION,PRD_DISCOUNT) values ('SHO20220040',to_date('22/09/30','RR/MM/DD'),'이지슬라이드','SHO009',30000,'resources/img/product/SHO20220040/이지슬라이드.png',2000,20,'X',2000);
Insert into HYPER.PRODUCT_INFO (CATE_ID,PRD_DATE,PRD_NAME,PRD_ID,PRD_PRICE,PRD_IMG,PRD_DELIVERY,PRD_STOCK,PRD_OPTION,PRD_DISCOUNT) values ('SHO20220040',to_date('22/09/30','RR/MM/DD'),'톰삭스WHBL','SHO010',30000,'resources/img/product/SHO20220040/톰삭스.png',2000,20,'X',2000);
Insert into HYPER.PRODUCT_INFO (CATE_ID,PRD_DATE,PRD_NAME,PRD_ID,PRD_PRICE,PRD_IMG,PRD_DELIVERY,PRD_STOCK,PRD_OPTION,PRD_DISCOUNT) values ('SHO20220040',to_date('22/09/30','RR/MM/DD'),'트래비스GRAY','SHO011',30000,'resources/img/product/SHO20220040/트래비스.png',2000,20,'X',2000);
Insert into HYPER.PRODUCT_INFO (CATE_ID,PRD_DATE,PRD_NAME,PRD_ID,PRD_PRICE,PRD_IMG,PRD_DELIVERY,PRD_STOCK,PRD_OPTION,PRD_DISCOUNT) values ('SHO20220040',to_date('22/09/30','RR/MM/DD'),'할로윈나이키KH','SHO012',30000,'resources/img/product/SHO20220040/할로윈.png',2000,20,'X',2000);
Insert into HYPER.PRODUCT_INFO (CATE_ID,PRD_DATE,PRD_NAME,PRD_ID,PRD_PRICE,PRD_IMG,PRD_DELIVERY,PRD_STOCK,PRD_OPTION,PRD_DISCOUNT) values ('SHO20220040',to_date('22/09/30','RR/MM/DD'),'이지폼FSER','SHO013',30000,'resources/img/product/SHO20220040/이지폼.png',2000,20,'X',2000);
Insert into HYPER.PRODUCT_INFO (CATE_ID,PRD_DATE,PRD_NAME,PRD_ID,PRD_PRICE,PRD_IMG,PRD_DELIVERY,PRD_STOCK,PRD_OPTION,PRD_DISCOUNT) values ('BAG20220050',to_date('22/09/30','RR/MM/DD'),'그림가방','BAG001',560000,'resources/img/product/BAG20220050/가방.png',2000,20,'X',2000);
Insert into HYPER.PRODUCT_INFO (CATE_ID,PRD_DATE,PRD_NAME,PRD_ID,PRD_PRICE,PRD_IMG,PRD_DELIVERY,PRD_STOCK,PRD_OPTION,PRD_DISCOUNT) values ('BAG20220050',to_date('22/09/30','RR/MM/DD'),'신형군용가방','BAG002',30000,'resources/img/product/BAG20220050/군용가방.png',2000,20,'X',2000);
Insert into HYPER.PRODUCT_INFO (CATE_ID,PRD_DATE,PRD_NAME,PRD_ID,PRD_PRICE,PRD_IMG,PRD_DELIVERY,PRD_STOCK,PRD_OPTION,PRD_DISCOUNT) values ('BAG20220050',to_date('22/09/30','RR/MM/DD'),'노트북가방LS','BAG003',5000,'resources/img/product/BAG20220050/노트북가방.png',50,20,'X',2000);
Insert into HYPER.PRODUCT_INFO (CATE_ID,PRD_DATE,PRD_NAME,PRD_ID,PRD_PRICE,PRD_IMG,PRD_DELIVERY,PRD_STOCK,PRD_OPTION,PRD_DISCOUNT) values ('BAG20220050',to_date('22/09/30','RR/MM/DD'),'르메르힙색JH','BAG004',20000,'resources/img/product/BAG20220050/르메르.png',2000,20,'X',2000);
Insert into HYPER.PRODUCT_INFO (CATE_ID,PRD_DATE,PRD_NAME,PRD_ID,PRD_PRICE,PRD_IMG,PRD_DELIVERY,PRD_STOCK,PRD_OPTION,PRD_DISCOUNT) values ('BAG20220050',to_date('22/09/30','RR/MM/DD'),'하얀색백팩','BAG005',26000,'resources/img/product/BAG20220050/백팩.png',2000,20,'X',2000);
Insert into HYPER.PRODUCT_INFO (CATE_ID,PRD_DATE,PRD_NAME,PRD_ID,PRD_PRICE,PRD_IMG,PRD_DELIVERY,PRD_STOCK,PRD_OPTION,PRD_DISCOUNT) values ('BAG20220050',to_date('22/09/30','RR/MM/DD'),'슈프리백팩GD','BAG006',29000,'resources/img/product/BAG20220050/슈프림백팩.png',2000,20,'X',2000);
Insert into HYPER.PRODUCT_INFO (CATE_ID,PRD_DATE,PRD_NAME,PRD_ID,PRD_PRICE,PRD_IMG,PRD_DELIVERY,PRD_STOCK,PRD_OPTION,PRD_DISCOUNT) values ('BAG20220050',to_date('22/09/30','RR/MM/DD'),'귀여운초딩가방','BAG007',36000,'resources/img/product/BAG20220050/유치원가방.png',2000,20,'X',2000);
Insert into HYPER.PRODUCT_INFO (CATE_ID,PRD_DATE,PRD_NAME,PRD_ID,PRD_PRICE,PRD_IMG,PRD_DELIVERY,PRD_STOCK,PRD_OPTION,PRD_DISCOUNT) values ('BAG20220050',to_date('22/09/30','RR/MM/DD'),'라이언어피치가방','BAG008',30000,'resources/img/product/BAG20220050/카카오가방.png',2000,20,'X',2000);
Insert into HYPER.PRODUCT_INFO (CATE_ID,PRD_DATE,PRD_NAME,PRD_ID,PRD_PRICE,PRD_IMG,PRD_DELIVERY,PRD_STOCK,PRD_OPTION,PRD_DISCOUNT) values ('BAG20220050',to_date('22/09/30','RR/MM/DD'),'파란색백팩BLKO','BAG009',26000,'resources/img/product/BAG20220050/파란색가방.png',2000,20,'X',2000);
Insert into HYPER.PRODUCT_INFO (CATE_ID,PRD_DATE,PRD_NAME,PRD_ID,PRD_PRICE,PRD_IMG,PRD_DELIVERY,PRD_STOCK,PRD_OPTION,PRD_DISCOUNT) values ('BAG20220050',to_date('22/09/30','RR/MM/DD'),'해리포터가방','BAG010',30000,'resources/img/product/BAG20220050/포터.png',2000,20,'X',2000);
Insert into HYPER.PRODUCT_INFO (CATE_ID,PRD_DATE,PRD_NAME,PRD_ID,PRD_PRICE,PRD_IMG,PRD_DELIVERY,PRD_STOCK,PRD_OPTION,PRD_DISCOUNT) values ('BAG20220050',to_date('22/09/30','RR/MM/DD'),'PTSD유발가방','BAG011',1000000,'resources/img/product/BAG20220050/군용군장.png',2000,20,'X',2000);
Insert into HYPER.PRODUCT_INFO (CATE_ID,PRD_DATE,PRD_NAME,PRD_ID,PRD_PRICE,PRD_IMG,PRD_DELIVERY,PRD_STOCK,PRD_OPTION,PRD_DISCOUNT) values ('BAG20220050',to_date('22/09/30','RR/MM/DD'),'배달의민족가방','BAG012',2900,'resources/img/product/BAG20220050/배달의민족.png',2000,20,'X',2000);
Insert into HYPER.PRODUCT_INFO (CATE_ID,PRD_DATE,PRD_NAME,PRD_ID,PRD_PRICE,PRD_IMG,PRD_DELIVERY,PRD_STOCK,PRD_OPTION,PRD_DISCOUNT) values ('BAG20220050',to_date('22/09/30','RR/MM/DD'),'신상PTSD유발가방','BAG013',2600000,'resources/img/product/BAG20220050/더블백.png',2000,20,'X',2000);
Insert into HYPER.PRODUCT_INFO (CATE_ID,PRD_DATE,PRD_NAME,PRD_ID,PRD_PRICE,PRD_IMG,PRD_DELIVERY,PRD_STOCK,PRD_OPTION,PRD_DISCOUNT) values ('LIT20220070',to_date('22/09/30','RR/MM/DD'),'달무드등','LIT001',30000,'resources/img/product/LIT20220070/무드등.png',2000,20,'X',2000);
Insert into HYPER.PRODUCT_INFO (CATE_ID,PRD_DATE,PRD_NAME,PRD_ID,PRD_PRICE,PRD_IMG,PRD_DELIVERY,PRD_STOCK,PRD_OPTION,PRD_DISCOUNT) values ('LIT20220070',to_date('22/09/30','RR/MM/DD'),'캐릭터무드등1','LIT002',20000,'resources/img/product/LIT20220070/무드등2.png',2000,20,'X',2000);
Insert into HYPER.PRODUCT_INFO (CATE_ID,PRD_DATE,PRD_NAME,PRD_ID,PRD_PRICE,PRD_IMG,PRD_DELIVERY,PRD_STOCK,PRD_OPTION,PRD_DISCOUNT) values ('LIT20220070',to_date('22/09/30','RR/MM/DD'),'네모난무드등','LIT003',24000,'resources/img/product/LIT20220070/무드등3.png',2000,20,'X',2000);
Insert into HYPER.PRODUCT_INFO (CATE_ID,PRD_DATE,PRD_NAME,PRD_ID,PRD_PRICE,PRD_IMG,PRD_DELIVERY,PRD_STOCK,PRD_OPTION,PRD_DISCOUNT) values ('LIT20220070',to_date('22/09/30','RR/MM/DD'),'고양이무드등','LIT004',87000,'resources/img/product/LIT20220070/무드등4.png',2000,20,'X',2000);
Insert into HYPER.PRODUCT_INFO (CATE_ID,PRD_DATE,PRD_NAME,PRD_ID,PRD_PRICE,PRD_IMG,PRD_DELIVERY,PRD_STOCK,PRD_OPTION,PRD_DISCOUNT) values ('LIT20220070',to_date('22/09/30','RR/MM/DD'),'토끼무드등','LIT005',49000,'resources/img/product/LIT20220070/무드등5.png',2000,20,'X',2000);
Insert into HYPER.PRODUCT_INFO (CATE_ID,PRD_DATE,PRD_NAME,PRD_ID,PRD_PRICE,PRD_IMG,PRD_DELIVERY,PRD_STOCK,PRD_OPTION,PRD_DISCOUNT) values ('LIT20220070',to_date('22/09/30','RR/MM/DD'),'우주무드등','LIT006',24000,'resources/img/product/LIT20220070/무드등6.png',2000,20,'X',2000);
Insert into HYPER.PRODUCT_INFO (CATE_ID,PRD_DATE,PRD_NAME,PRD_ID,PRD_PRICE,PRD_IMG,PRD_DELIVERY,PRD_STOCK,PRD_OPTION,PRD_DISCOUNT) values ('LIT20220070',to_date('22/09/30','RR/MM/DD'),'커플무드등','LIT007',2000,'resources/img/product/LIT20220070/무드등7.png',200,20,'X',20);
Insert into HYPER.PRODUCT_INFO (CATE_ID,PRD_DATE,PRD_NAME,PRD_ID,PRD_PRICE,PRD_IMG,PRD_DELIVERY,PRD_STOCK,PRD_OPTION,PRD_DISCOUNT) values ('LIT20220070',to_date('22/09/30','RR/MM/DD'),'귀여운무드등2','LIT008',37000,'resources/img/product/LIT20220070/무드등8.png',2000,20,'X',2000);
Insert into HYPER.PRODUCT_INFO (CATE_ID,PRD_DATE,PRD_NAME,PRD_ID,PRD_PRICE,PRD_IMG,PRD_DELIVERY,PRD_STOCK,PRD_OPTION,PRD_DISCOUNT) values ('LIT20220070',to_date('22/09/30','RR/MM/DD'),'행성무드등','LIT009',19000,'resources/img/product/LIT20220070/무드등9.png',2000,20,'X',2000);
Insert into HYPER.PRODUCT_INFO (CATE_ID,PRD_DATE,PRD_NAME,PRD_ID,PRD_PRICE,PRD_IMG,PRD_DELIVERY,PRD_STOCK,PRD_OPTION,PRD_DISCOUNT) values ('LIT20220070',to_date('22/09/30','RR/MM/DD'),'곰돌이무드등','LIT10',670000,'resources/img/product/LIT20220070/무드등10.png',2000,20,'X',2000);
Insert into HYPER.PRODUCT_INFO (CATE_ID,PRD_DATE,PRD_NAME,PRD_ID,PRD_PRICE,PRD_IMG,PRD_DELIVERY,PRD_STOCK,PRD_OPTION,PRD_DISCOUNT) values ('LIT20220070',to_date('22/09/30','RR/MM/DD'),'재미있는무드등','LIT011',14000,'resources/img/product/LIT20220070/무드등11.png',2000,20,'X',2000);
Insert into HYPER.PRODUCT_INFO (CATE_ID,PRD_DATE,PRD_NAME,PRD_ID,PRD_PRICE,PRD_IMG,PRD_DELIVERY,PRD_STOCK,PRD_OPTION,PRD_DISCOUNT) values ('LIT20220070',to_date('22/09/30','RR/MM/DD'),'흰둥이무드등','LIT012',76000,'resources/img/product/LIT20220070/무드등12.png',2000,20,'X',2000);
Insert into HYPER.PRODUCT_INFO (CATE_ID,PRD_DATE,PRD_NAME,PRD_ID,PRD_PRICE,PRD_IMG,PRD_DELIVERY,PRD_STOCK,PRD_OPTION,PRD_DISCOUNT) values ('LIT20220070',to_date('22/09/30','RR/MM/DD'),'멍청한무드등','LIT013',47000,'resources/img/product/LIT20220070/무드등13.png',2000,20,'X',2000);
REM INSERTING into HYPER.PRODUCT_PAYMENT
SET DEFINE OFF;
Insert into HYPER.PRODUCT_PAYMENT (PAYMENT_ID,MEMBER_ID,PRD_ID,BUY_QUANTITY,MEMBER_ZIPCODE,MEMBER_FADDR,MEMBER_LADDR,MEMBER_PHONE,CREDIT_NUMBER,PAYMENT_DATE,PRD_OPT,DELIVERY) values (233,'test7','SHO012',1,'03015','서울 종로구 세검정로7가길 16(신영동, AA 하우스)','aa','01011112222','1-2-3-4',to_date('22/10/07','RR/MM/DD'),'X','배송준비');
Insert into HYPER.PRODUCT_PAYMENT (PAYMENT_ID,MEMBER_ID,PRD_ID,BUY_QUANTITY,MEMBER_ZIPCODE,MEMBER_FADDR,MEMBER_LADDR,MEMBER_PHONE,CREDIT_NUMBER,PAYMENT_DATE,PRD_OPT,DELIVERY) values (234,'test7','TOP012',1,'03015','서울 종로구 세검정로7가길 16(신영동, AA 하우스)','aa','01011112222','1-2-3-4',to_date('22/10/07','RR/MM/DD'),'X','배송준비');
Insert into HYPER.PRODUCT_PAYMENT (PAYMENT_ID,MEMBER_ID,PRD_ID,BUY_QUANTITY,MEMBER_ZIPCODE,MEMBER_FADDR,MEMBER_LADDR,MEMBER_PHONE,CREDIT_NUMBER,PAYMENT_DATE,PRD_OPT,DELIVERY) values (226,'test3','TOP013',1,'03015','서울 종로구 신영동 179-3','aa','01075212583','1-1-1-1',to_date('22/10/05','RR/MM/DD'),'X','배송완료');
Insert into HYPER.PRODUCT_PAYMENT (PAYMENT_ID,MEMBER_ID,PRD_ID,BUY_QUANTITY,MEMBER_ZIPCODE,MEMBER_FADDR,MEMBER_LADDR,MEMBER_PHONE,CREDIT_NUMBER,PAYMENT_DATE,PRD_OPT,DELIVERY) values (228,'test1','TOP013',1,'46967','부산 사상구 광장로93번길 17(괘법동, BB모텔)','bb','01011112222','2-2-2-2',to_date('22/10/06','RR/MM/DD'),'X','결제취소');
Insert into HYPER.PRODUCT_PAYMENT (PAYMENT_ID,MEMBER_ID,PRD_ID,BUY_QUANTITY,MEMBER_ZIPCODE,MEMBER_FADDR,MEMBER_LADDR,MEMBER_PHONE,CREDIT_NUMBER,PAYMENT_DATE,PRD_OPT,DELIVERY) values (230,'test2','BAG011',1,'01151','서울 강북구 오현로 117(번동, 오동골프클럽)','cc','01046887358','1-1-2-2',to_date('22/10/06','RR/MM/DD'),'X','배송중');
Insert into HYPER.PRODUCT_PAYMENT (PAYMENT_ID,MEMBER_ID,PRD_ID,BUY_QUANTITY,MEMBER_ZIPCODE,MEMBER_FADDR,MEMBER_LADDR,MEMBER_PHONE,CREDIT_NUMBER,PAYMENT_DATE,PRD_OPT,DELIVERY) values (229,'test2','LOW001',1,'01151','서울 강북구 오현로 117(번동, 오동골프클럽)','cc','01046887358','4-5-6-7',to_date('22/10/06','RR/MM/DD'),'X','배송중');
Insert into HYPER.PRODUCT_PAYMENT (PAYMENT_ID,MEMBER_ID,PRD_ID,BUY_QUANTITY,MEMBER_ZIPCODE,MEMBER_FADDR,MEMBER_LADDR,MEMBER_PHONE,CREDIT_NUMBER,PAYMENT_DATE,PRD_OPT,DELIVERY) values (231,'test2','LIT012',1,'01151','서울 강북구 오현로 117(번동, 오동골프클럽)','cc','01046887358','1-1-2-2',to_date('22/10/06','RR/MM/DD'),'X','배송중');
Insert into HYPER.PRODUCT_PAYMENT (PAYMENT_ID,MEMBER_ID,PRD_ID,BUY_QUANTITY,MEMBER_ZIPCODE,MEMBER_FADDR,MEMBER_LADDR,MEMBER_PHONE,CREDIT_NUMBER,PAYMENT_DATE,PRD_OPT,DELIVERY) values (232,'test2','SHO012',1,'01151','서울 강북구 오현로 117(번동, 오동골프클럽)','cc','01046887358','1-1-2-2',to_date('22/10/06','RR/MM/DD'),'X','배송중');
--------------------------------------------------------
--  DDL for Index BOARDQNA_PK
--------------------------------------------------------

CREATE UNIQUE INDEX "HYPER"."BOARDQNA_PK" ON "HYPER"."BOARDQNA" ("BNO")
    PCTFREE 10 INITRANS 2 MAXTRANS 255 COMPUTE STATISTICS
  STORAGE(INITIAL 65536 NEXT 1048576 MINEXTENTS 1 MAXEXTENTS 2147483645
  PCTINCREASE 0 FREELISTS 1 FREELIST GROUPS 1 BUFFER_POOL DEFAULT FLASH_CACHE DEFAULT CELL_FLASH_CACHE DEFAULT)
  TABLESPACE "USERS" ;
--------------------------------------------------------
--  DDL for Index PRODUCT_CART_PK
--------------------------------------------------------

CREATE UNIQUE INDEX "HYPER"."PRODUCT_CART_PK" ON "HYPER"."PRODUCT_CART" ("CART_ID", "PRD_ID")
    PCTFREE 10 INITRANS 2 MAXTRANS 255 COMPUTE STATISTICS
  STORAGE(INITIAL 65536 NEXT 1048576 MINEXTENTS 1 MAXEXTENTS 2147483645
  PCTINCREASE 0 FREELISTS 1 FREELIST GROUPS 1 BUFFER_POOL DEFAULT FLASH_CACHE DEFAULT CELL_FLASH_CACHE DEFAULT)
  TABLESPACE "USERS" ;
--------------------------------------------------------
--  DDL for Index PRODUCT_PAYMENT_PK
--------------------------------------------------------

CREATE UNIQUE INDEX "HYPER"."PRODUCT_PAYMENT_PK" ON "HYPER"."PRODUCT_PAYMENT" ("PAYMENT_ID")
    PCTFREE 10 INITRANS 2 MAXTRANS 255 COMPUTE STATISTICS
  STORAGE(INITIAL 65536 NEXT 1048576 MINEXTENTS 1 MAXEXTENTS 2147483645
  PCTINCREASE 0 FREELISTS 1 FREELIST GROUPS 1 BUFFER_POOL DEFAULT FLASH_CACHE DEFAULT CELL_FLASH_CACHE DEFAULT)
  TABLESPACE "USERS" ;
--------------------------------------------------------
--  DDL for Index PRODUCT_CART_PK1
--------------------------------------------------------

CREATE UNIQUE INDEX "HYPER"."PRODUCT_CART_PK1" ON "HYPER"."PRODUCT_CART" ("CART_ID")
    PCTFREE 10 INITRANS 2 MAXTRANS 255 COMPUTE STATISTICS
  STORAGE(INITIAL 65536 NEXT 1048576 MINEXTENTS 1 MAXEXTENTS 2147483645
  PCTINCREASE 0 FREELISTS 1 FREELIST GROUPS 1 BUFFER_POOL DEFAULT FLASH_CACHE DEFAULT CELL_FLASH_CACHE DEFAULT)
  TABLESPACE "USERS" ;
--------------------------------------------------------
--  DDL for Index BOARD_PK
--------------------------------------------------------

CREATE UNIQUE INDEX "HYPER"."BOARD_PK" ON "HYPER"."BOARD" ("BNO")
    PCTFREE 10 INITRANS 2 MAXTRANS 255 COMPUTE STATISTICS
  STORAGE(INITIAL 65536 NEXT 1048576 MINEXTENTS 1 MAXEXTENTS 2147483645
  PCTINCREASE 0 FREELISTS 1 FREELIST GROUPS 1 BUFFER_POOL DEFAULT FLASH_CACHE DEFAULT CELL_FLASH_CACHE DEFAULT)
  TABLESPACE "USERS" ;
--------------------------------------------------------
--  DDL for Index MEMBER_PK
--------------------------------------------------------

CREATE UNIQUE INDEX "HYPER"."MEMBER_PK" ON "HYPER"."MEMBER" ("MEMBER_ID")
    PCTFREE 10 INITRANS 2 MAXTRANS 255 COMPUTE STATISTICS
  STORAGE(INITIAL 65536 NEXT 1048576 MINEXTENTS 1 MAXEXTENTS 2147483645
  PCTINCREASE 0 FREELISTS 1 FREELIST GROUPS 1 BUFFER_POOL DEFAULT FLASH_CACHE DEFAULT CELL_FLASH_CACHE DEFAULT)
  TABLESPACE "USERS" ;
--------------------------------------------------------
--  DDL for Index PRODUCT_PK
--------------------------------------------------------

CREATE UNIQUE INDEX "HYPER"."PRODUCT_PK" ON "HYPER"."PRODUCT" ("CATE_ID")
    PCTFREE 10 INITRANS 2 MAXTRANS 255 COMPUTE STATISTICS
  STORAGE(INITIAL 65536 NEXT 1048576 MINEXTENTS 1 MAXEXTENTS 2147483645
  PCTINCREASE 0 FREELISTS 1 FREELIST GROUPS 1 BUFFER_POOL DEFAULT FLASH_CACHE DEFAULT CELL_FLASH_CACHE DEFAULT)
  TABLESPACE "USERS" ;
--------------------------------------------------------
--  DDL for Index PRODUCT_INFO_PK
--------------------------------------------------------

CREATE UNIQUE INDEX "HYPER"."PRODUCT_INFO_PK" ON "HYPER"."PRODUCT_INFO" ("PRD_ID")
    PCTFREE 10 INITRANS 2 MAXTRANS 255 COMPUTE STATISTICS
  STORAGE(INITIAL 65536 NEXT 1048576 MINEXTENTS 1 MAXEXTENTS 2147483645
  PCTINCREASE 0 FREELISTS 1 FREELIST GROUPS 1 BUFFER_POOL DEFAULT FLASH_CACHE DEFAULT CELL_FLASH_CACHE DEFAULT)
  TABLESPACE "USERS" ;
--------------------------------------------------------
--  Constraints for Table PRODUCT_PAYMENT
--------------------------------------------------------

ALTER TABLE "HYPER"."PRODUCT_PAYMENT" MODIFY ("PAYMENT_DATE" NOT NULL ENABLE);
ALTER TABLE "HYPER"."PRODUCT_PAYMENT" MODIFY ("CREDIT_NUMBER" NOT NULL ENABLE);
ALTER TABLE "HYPER"."PRODUCT_PAYMENT" ADD CONSTRAINT "PRODUCT_PAYMENT_PK" PRIMARY KEY ("PAYMENT_ID")
    USING INDEX PCTFREE 10 INITRANS 2 MAXTRANS 255 COMPUTE STATISTICS
  STORAGE(INITIAL 65536 NEXT 1048576 MINEXTENTS 1 MAXEXTENTS 2147483645
  PCTINCREASE 0 FREELISTS 1 FREELIST GROUPS 1 BUFFER_POOL DEFAULT FLASH_CACHE DEFAULT CELL_FLASH_CACHE DEFAULT)
  TABLESPACE "USERS"  ENABLE;
ALTER TABLE "HYPER"."PRODUCT_PAYMENT" MODIFY ("MEMBER_LADDR" NOT NULL ENABLE);
ALTER TABLE "HYPER"."PRODUCT_PAYMENT" MODIFY ("MEMBER_FADDR" NOT NULL ENABLE);
ALTER TABLE "HYPER"."PRODUCT_PAYMENT" MODIFY ("MEMBER_ZIPCODE" NOT NULL ENABLE);
ALTER TABLE "HYPER"."PRODUCT_PAYMENT" MODIFY ("BUY_QUANTITY" NOT NULL ENABLE);
ALTER TABLE "HYPER"."PRODUCT_PAYMENT" MODIFY ("PRD_ID" NOT NULL ENABLE);
ALTER TABLE "HYPER"."PRODUCT_PAYMENT" MODIFY ("MEMBER_ID" NOT NULL ENABLE);
ALTER TABLE "HYPER"."PRODUCT_PAYMENT" MODIFY ("PAYMENT_ID" NOT NULL ENABLE);
--------------------------------------------------------
--  Constraints for Table BOARDQNA
--------------------------------------------------------

ALTER TABLE "HYPER"."BOARDQNA" MODIFY ("BNO" NOT NULL ENABLE);
ALTER TABLE "HYPER"."BOARDQNA" ADD CONSTRAINT "BOARDQNA_PK" PRIMARY KEY ("BNO")
    USING INDEX PCTFREE 10 INITRANS 2 MAXTRANS 255 COMPUTE STATISTICS
  STORAGE(INITIAL 65536 NEXT 1048576 MINEXTENTS 1 MAXEXTENTS 2147483645
  PCTINCREASE 0 FREELISTS 1 FREELIST GROUPS 1 BUFFER_POOL DEFAULT FLASH_CACHE DEFAULT CELL_FLASH_CACHE DEFAULT)
  TABLESPACE "USERS"  ENABLE;
--------------------------------------------------------
--  Constraints for Table PRODUCT_INFO
--------------------------------------------------------

ALTER TABLE "HYPER"."PRODUCT_INFO" MODIFY ("PRD_ID" NOT NULL ENABLE);
ALTER TABLE "HYPER"."PRODUCT_INFO" MODIFY ("CATE_ID" NOT NULL ENABLE);
ALTER TABLE "HYPER"."PRODUCT_INFO" ADD CONSTRAINT "PRODUCT_INFO_PK" PRIMARY KEY ("PRD_ID")
    USING INDEX PCTFREE 10 INITRANS 2 MAXTRANS 255 COMPUTE STATISTICS
  STORAGE(INITIAL 65536 NEXT 1048576 MINEXTENTS 1 MAXEXTENTS 2147483645
  PCTINCREASE 0 FREELISTS 1 FREELIST GROUPS 1 BUFFER_POOL DEFAULT FLASH_CACHE DEFAULT CELL_FLASH_CACHE DEFAULT)
  TABLESPACE "USERS"  ENABLE;
--------------------------------------------------------
--  Constraints for Table PRODUCT_CART
--------------------------------------------------------

ALTER TABLE "HYPER"."PRODUCT_CART" ADD CONSTRAINT "PRODUCT_CART_PK" PRIMARY KEY ("CART_ID")
    USING INDEX PCTFREE 10 INITRANS 2 MAXTRANS 255 COMPUTE STATISTICS
  STORAGE(INITIAL 65536 NEXT 1048576 MINEXTENTS 1 MAXEXTENTS 2147483645
  PCTINCREASE 0 FREELISTS 1 FREELIST GROUPS 1 BUFFER_POOL DEFAULT FLASH_CACHE DEFAULT CELL_FLASH_CACHE DEFAULT)
  TABLESPACE "USERS"  ENABLE;
ALTER TABLE "HYPER"."PRODUCT_CART" MODIFY ("CART_ID" NOT NULL ENABLE);
ALTER TABLE "HYPER"."PRODUCT_CART" MODIFY ("PRD_ID" NOT NULL ENABLE);
ALTER TABLE "HYPER"."PRODUCT_CART" MODIFY ("MEMBER_ID" NOT NULL ENABLE);
ALTER TABLE "HYPER"."PRODUCT_CART" MODIFY ("BUY_QUANTITY" NOT NULL ENABLE);
--------------------------------------------------------
--  Constraints for Table PRODUCT
--------------------------------------------------------

ALTER TABLE "HYPER"."PRODUCT" MODIFY ("CATE_ID" NOT NULL ENABLE);
ALTER TABLE "HYPER"."PRODUCT" MODIFY ("CATE_NAME" NOT NULL ENABLE);
ALTER TABLE "HYPER"."PRODUCT" ADD CONSTRAINT "PRODUCT_PK" PRIMARY KEY ("CATE_ID")
    USING INDEX PCTFREE 10 INITRANS 2 MAXTRANS 255 COMPUTE STATISTICS
  STORAGE(INITIAL 65536 NEXT 1048576 MINEXTENTS 1 MAXEXTENTS 2147483645
  PCTINCREASE 0 FREELISTS 1 FREELIST GROUPS 1 BUFFER_POOL DEFAULT FLASH_CACHE DEFAULT CELL_FLASH_CACHE DEFAULT)
  TABLESPACE "USERS"  ENABLE;
--------------------------------------------------------
--  Constraints for Table BOARD
--------------------------------------------------------

ALTER TABLE "HYPER"."BOARD" ADD CONSTRAINT "BOARD_PK" PRIMARY KEY ("BNO")
    USING INDEX PCTFREE 10 INITRANS 2 MAXTRANS 255 COMPUTE STATISTICS
  STORAGE(INITIAL 65536 NEXT 1048576 MINEXTENTS 1 MAXEXTENTS 2147483645
  PCTINCREASE 0 FREELISTS 1 FREELIST GROUPS 1 BUFFER_POOL DEFAULT FLASH_CACHE DEFAULT CELL_FLASH_CACHE DEFAULT)
  TABLESPACE "USERS"  ENABLE;
ALTER TABLE "HYPER"."BOARD" MODIFY ("WRITER" NOT NULL ENABLE);
ALTER TABLE "HYPER"."BOARD" MODIFY ("TITLE" NOT NULL ENABLE);
ALTER TABLE "HYPER"."BOARD" MODIFY ("BNO" NOT NULL ENABLE);
--------------------------------------------------------
--  Constraints for Table MEMBER
--------------------------------------------------------

ALTER TABLE "HYPER"."MEMBER" MODIFY ("MEMBER_LADDR" NOT NULL ENABLE);
ALTER TABLE "HYPER"."MEMBER" MODIFY ("MEMBER_FADDR" NOT NULL ENABLE);
ALTER TABLE "HYPER"."MEMBER" MODIFY ("MEMBER_ZIPCODE" NOT NULL ENABLE);
ALTER TABLE "HYPER"."MEMBER" MODIFY ("MEMBER_SEQ" NOT NULL ENABLE);
ALTER TABLE "HYPER"."MEMBER" MODIFY ("MEMBER_ID" NOT NULL ENABLE);
ALTER TABLE "HYPER"."MEMBER" MODIFY ("MEMBER_NAME" NOT NULL ENABLE);
ALTER TABLE "HYPER"."MEMBER" MODIFY ("MEMBER_PWD" NOT NULL ENABLE);
ALTER TABLE "HYPER"."MEMBER" MODIFY ("MEMBER_DATE" NOT NULL ENABLE);
ALTER TABLE "HYPER"."MEMBER" MODIFY ("MEMBER_YEAR" NOT NULL ENABLE);
ALTER TABLE "HYPER"."MEMBER" ADD CONSTRAINT "MEMBER_PK" PRIMARY KEY ("MEMBER_ID")
    USING INDEX PCTFREE 10 INITRANS 2 MAXTRANS 255 COMPUTE STATISTICS
  STORAGE(INITIAL 65536 NEXT 1048576 MINEXTENTS 1 MAXEXTENTS 2147483645
  PCTINCREASE 0 FREELISTS 1 FREELIST GROUPS 1 BUFFER_POOL DEFAULT FLASH_CACHE DEFAULT CELL_FLASH_CACHE DEFAULT)
  TABLESPACE "USERS"  ENABLE;
--------------------------------------------------------
--  Ref Constraints for Table PRODUCT_CART
--------------------------------------------------------

ALTER TABLE "HYPER"."PRODUCT_CART" ADD CONSTRAINT "FK_MEMBER_ID" FOREIGN KEY ("MEMBER_ID")
    REFERENCES "HYPER"."MEMBER" ("MEMBER_ID") ON DELETE CASCADE ENABLE;
ALTER TABLE "HYPER"."PRODUCT_CART" ADD CONSTRAINT "FK_PRD_ID" FOREIGN KEY ("PRD_ID")
    REFERENCES "HYPER"."PRODUCT_INFO" ("PRD_ID") ENABLE;
--------------------------------------------------------
--  Ref Constraints for Table PRODUCT_INFO
--------------------------------------------------------

ALTER TABLE "HYPER"."PRODUCT_INFO" ADD CONSTRAINT "FK_CATE_ID" FOREIGN KEY ("CATE_ID")
    REFERENCES "HYPER"."PRODUCT" ("CATE_ID") ON DELETE CASCADE ENABLE;
--------------------------------------------------------
--  Ref Constraints for Table PRODUCT_PAYMENT
--------------------------------------------------------

ALTER TABLE "HYPER"."PRODUCT_PAYMENT" ADD CONSTRAINT "PAY_MEMBERID_FK" FOREIGN KEY ("MEMBER_ID")
    REFERENCES "HYPER"."MEMBER" ("MEMBER_ID") ON DELETE CASCADE ENABLE;
ALTER TABLE "HYPER"."PRODUCT_PAYMENT" ADD CONSTRAINT "PAY_PRDID_FK" FOREIGN KEY ("PRD_ID")
    REFERENCES "HYPER"."PRODUCT_INFO" ("PRD_ID") ON DELETE CASCADE ENABLE;
